Peptide,Protein,GeneID,Symbol,Description,log2-Fold change (T2DM / NGT),FDR,Up-regulated DEPs,Down-regulated DEPs,DEP (Y/N),"GOCC
(Mitochondria)","Protein atlas
(Uhlén et. al., 2015)","MAM
(Ma et. al., 2017; Horner et. al., 2015)"
GIVFEDVK,P11310,34,ACADM,"acyl-CoA dehydrogenase, C-4 to C-12 straight chain",-0.98443476,0.094896961,0,1,1,1,1,1
LLVEHQAISFMLAEMAMK,P11310,34,ACADM,"acyl-CoA dehydrogenase, C-4 to C-12 straight chain",-1.249420745,0.004032803,0,1,1,1,1,1
LFDFQGLQHQVAHVATQLEAAR,P45954,36,ACADSB,"acyl-CoA dehydrogenase, short/branched chain",-0.91417497,0.057901019,0,1,1,1,1,1
DLEDLQILIK,Q99798,50,ACO2,"aconitase 2, mitochondrial",-0.60111493,0.09195323,0,1,1,1,1,1
HPNGTQETILLNHTFNETQIEWFR,Q99798,50,ACO2,"aconitase 2, mitochondrial",-1.036626795,0.029273012,0,1,1,1,1,1
LQLLEPFDKWDGKDLEDLQILIK,Q99798,50,ACO2,"aconitase 2, mitochondrial",-3.184557155,2.62E-05,0,1,1,1,1,1
VAM^QDATAQMAMLQFISSGLSK,Q99798,50,ACO2,"aconitase 2, mitochondrial",-2.12753736,0.002093252,0,1,1,1,1,1
KDLYANNVMSGGTTM^YPGIADR,P68133,58,ACTA1,"actin, alpha 1, skeletal muscle",-1.183927155,0.051509441,0,1,1,0,0,1
]DDEETTALVCDNGSGLVK,P68032,70,ACTC1,"actin, alpha, cardiac muscle 1",-1.26844184,0.06382689,0,1,1,0,0,1
]PEYDEAGPSIVHR,P63267,72,ACTG2,"actin, gamma 2, smooth muscle, enteric",1.064831,0.027930968,1,0,1,0,0,0
LSNRPAFMPSEGK,O43707,81,ACTN4,"actinin, alpha 4",0.757571975,0.093582388,1,0,1,0,0,1
AAPFNNWM^EGAMEDLQDMFIVHSIEEIQSLITAHEQFK,P35609,88,ACTN2,"actinin, alpha 2",-3.6162105,0.000548287,0,1,1,0,0,0
AAPFNNWMEGAMEDLQDMFIVHSIEEIQSLITAHEQFK,P35609,88,ACTN2,"actinin, alpha 2",-1.75030334,0.091789168,0,1,1,0,0,0
IMTLVDPNGQGTVTFQSFIDFMTR,P35609,88,ACTN2,"actinin, alpha 2",-1.21578106,0.064465764,0,1,1,0,0,0
STHETWAYGK,P35609,88,ACTN2,"actinin, alpha 2",-1.637036205,0.004044287,0,1,1,0,0,0
VGWELLLTTIAR,P35609,88,ACTN2,"actinin, alpha 2",-1.16768,0.053041569,0,1,1,0,0,0
HSPSIHQSVVAVSR,P35573,178,AGL,"amylo-alpha-1, 6-glucosidase, 4-alpha-glucanotransferase",1.047216445,0.072261936,1,0,1,0,0,1
GIHSAIDASQTPDVVFASILAAFSK,P54819,204,AK2,adenylate kinase 2,1.000363835,0.009795944,1,0,1,1,0,1
NGFLLDGFPR,P54819,204,AK2,adenylate kinase 2,1.369575285,0.024661796,1,0,1,1,0,1
EEIFGPVMSILSFDTEAEVLER,P49189,223,ALDH9A1,"aldehyde dehydrogenase 9 family, member A1",-1.67116011,0.00049676,0,1,1,1,0,1
EVNLAVQNAK,P49189,223,ALDH9A1,"aldehyde dehydrogenase 9 family, member A1",-1.718524045,0.006710604,0,1,1,1,0,1
EPLMEEYAIAAQVFK,P23109,270,AMPD1,adenosine monophosphate deaminase 1,1.183465405,0.001665775,1,0,1,0,0,0
DFLAGGVAAAVSK,P12235,291,SLC25A4,"solute carrier family 25 (mitochondrial carrier; adenine nucleotide translocator), member 4",-0.75810139,0.086802624,0,1,1,1,1,1
ALTGHLEEVVLALLK,P04083,301,ANXA1,annexin A1,-1.2721176,0.004561029,0,1,1,1,0,1
AYTNFDAER,P07355,302,ANXA2,annexin A2,-2.05303487,0.026212713,0,1,1,0,0,1
DALNIETAIK,P07355,302,ANXA2,annexin A2,-0.86463091,0.054970847,0,1,1,0,0,1
LSGHLETVILGLLK,P07355,302,ANXA2,annexin A2,-1.460499215,0.00107633,0,1,1,0,0,1
LSLEGDHSTPPSAYGSVK,P07355,302,ANXA2,annexin A2,-1.375305785,0.017146327,0,1,1,0,0,1
SLHQAIEGDTSGDFLK,P08133,309,ANXA6,annexin A6,-0.86890208,0.087992328,0,1,1,0,0,1
LSPLGEEMR,P02647,335,APOA1,apolipoprotein A-I,-1.53888571,0.003839705,0,1,1,0,0,1
THLAPYSDELR,P02647,335,APOA1,apolipoprotein A-I,-1.50534259,0.016627718,0,1,1,0,0,1
AGTELVNFLSYFVELGTQPATQ,P02652,336,APOA2,apolipoprotein A-II,-1.38639668,0.071939219,0,1,1,0,0,1
EPCVESLVSQYFQTVTDYGK,P02652,336,APOA2,apolipoprotein A-II,-0.835986965,0.071166637,0,1,1,0,0,1
IGAFGYMECSAK,P61586,387,RHOA,ras homolog family member A,2.13658259,0.013126121,1,0,1,0,0,1
WINATDPSAR,P08243,440,ASNS,asparagine synthetase (glutamine-hydrolyzing),1.44785167,0.001815409,1,0,1,0,0,1
TDLYFM^PLAGSKLAK,Q9P2R6,473,RERE,arginine-glutamic acid dipeptide (RE) repeats,-2.75223891,0.053211397,0,1,1,0,0,0
]GVVVATGDR,P13637,478,ATP1A3,"ATPase, Na+/K+ transporting, alpha 3 polypeptide",0.86092142,0.037983923,1,0,1,0,0,1
AYGENIGYSEKDR,P05026,481,ATP1B1,"ATPase, Na+/K+ transporting, beta 1 polypeptide",1.12843795,0.092977037,1,0,1,0,0,1
DTPPKREEMVLDDSAR,O14983,487,ATP2A1,"ATPase, Ca++ transporting, cardiac muscle, fast twitch 1",2.32994846,0.004585784,1,0,1,0,0,1
TGTLTTNQMSVCK,O14983,487,ATP2A1,"ATPase, Ca++ transporting, cardiac muscle, fast twitch 1",0.73959733,0.075958805,1,0,1,0,0,1
TVEEVLGHFGVNESTGLSLEQVK,P16615,488,ATP2A2,"ATPase, Ca++ transporting, cardiac muscle, slow twitch 2",-0.89766732,0.089052609,0,1,1,0,0,1
DIVPGDIVEVAVGDKVPADLR,Q93084,489,ATP2A3,"ATPase, Ca++ transporting, ubiquitous",0.814527865,0.068540531,1,0,1,0,0,1
ELIEIISGAAAL,P36542,509,ATP5C1,"ATP synthase, H+ transporting, mitochondrial F1 complex, gamma polypeptide 1",-0.82851932,0.055833798,0,1,1,1,0,1
TVASADSMSIYDDIDADVLQNYQEYNLANIIYYSLK,P36542,509,ATP5C1,"ATP synthase, H+ transporting, mitochondrial F1 complex, gamma polypeptide 1",-0.86952336,0.013358784,0,1,1,1,0,1
GEVPCTVTSASPLEEATLSELK,P48047,539,ATP5O,"ATP synthase, H+ transporting, mitochondrial F1 complex, O subunit",3.78846758,0.012908477,1,0,1,1,1,1
GPGYGIMSIR,P12694,593,BCKDHA,"branched chain keto acid dehydrogenase E1, alpha polypeptide",1.33296132,0.073321071,1,0,1,1,0,0
LQAVTDDHIR,P30043,645,BLVRB,biliverdin reductase B (flavin reductase (NADPH)),-1.341976055,0.050527244,0,1,1,0,0,1
ESLEKALK,Q03001,667,DST,dystonin,-1.21796782,0.05448524,0,1,1,0,0,1
EPGQDLVVLPLSITTDFIPSFR,P01024,718,C3,complement component 3,-0.61051136,0.082761541,0,1,1,0,0,1
YSSLAEAASK,P00915,759,CA1,carbonic anhydrase I,-2.41027853,0.013228645,0,1,1,0,0,0
HEQNIDCGGGYVK,P27797,811,CALR,calreticulin,1.86824622,0.028081595,1,0,1,0,0,1
ESSESTNTTIEDEDTK,Q9UQM7,815,CAMK2A,calcium/calmodulin-dependent protein kinase II alpha,2.08419869,0.00015106,1,0,1,1,0,1
ICDPGLTAFEPEALGNLVEGMDFHR,Q13557,817,CAMK2D,calcium/calmodulin-dependent protein kinase II delta,0.82738793,0.07932365,1,0,1,0,0,1
LFAQLAGDDMEVSATELMNILNK,P04632,826,CAPNS1,"calpain, small subunit 1",-1.25797253,0.039933724,0,1,1,0,0,1
EIVLELVAQVLEHK,O14958,845,CASQ2,calsequestrin 2 (cardiac muscle),-1.02416275,0.04446068,0,1,1,0,0,0
TIEFDGEFAADVLVEFLLDLIEDPVEIISSK,O14958,845,CASQ2,calsequestrin 2 (cardiac muscle),-1.32966243,0.031116278,0,1,1,0,0,0
VDFEDVIAEPVGTYSFDGVWK,P56539,859,CAV3,caveolin 3,1.34577311,0.048339753,1,0,1,0,0,0
TGLYNYYDDEKEK,P50454,871,SERPINH1,"serpin peptidase inhibitor, clade H (heat shock protein 47), member 1, (collagen binding protein 1)",1.51395303,0.037020976,1,0,1,0,0,1
TDLNPDNLQGGDDLDPNYVLSSR,P12277,1152,CKB,"creatine kinase, brain",-0.7762677,0.09322909,0,1,1,1,0,1
DGVNYLVDCEK,P17540,1160,CKMT2,"creatine kinase, mitochondrial 2 (sarcomeric)",-1.498090555,0.037378654,0,1,1,1,0,0
EM^TEQDQQR,P17540,1160,CKMT2,"creatine kinase, mitochondrial 2 (sarcomeric)",-1.91216557,0.007396782,0,1,1,1,0,0
LFPPSADYPDLRK,P17540,1160,CKMT2,"creatine kinase, mitochondrial 2 (sarcomeric)",-1.212823645,0.096408238,0,1,1,1,0,0
LIDDHFLFDKPVSPLLTCAGM^AR,P17540,1160,CKMT2,"creatine kinase, mitochondrial 2 (sarcomeric)",-1.40912382,0.08439509,0,1,1,1,0,0
NYLVDCEK,P17540,1160,CKMT2,"creatine kinase, mitochondrial 2 (sarcomeric)",-1.93282746,0.009139346,0,1,1,1,0,0
SEM^TEQDQQR,P17540,1160,CKMT2,"creatine kinase, mitochondrial 2 (sarcomeric)",-1.60764763,0.031888401,0,1,1,1,0,0
SEVELVQIVIDGVNYLVDCEK,P17540,1160,CKMT2,"creatine kinase, mitochondrial 2 (sarcomeric)",-1.77656893,0.000966573,0,1,1,1,0,0
DFDHNLQLCVGNPR,P23946,1215,CMA1,"chymase 1, mast cell",-1.47847735,0.003918303,0,1,1,0,0,0
GLDGYQGPDGPR,P08572,1284,COL4A2,"collagen, type IV, alpha 2",1.269185595,0.085584361,1,0,1,0,0,1
AGILTFCVGASQANK,P12111,1293,COL6A3,"collagen, type VI, alpha 3",-1.1114346,0.094015463,0,1,1,0,0,1
VLSTPDLEVR,P53618,1315,COPB1,"coatomer protein complex, subunit beta 1",0.88278217,0.09681556,1,0,1,0,0,1
ASWSSLSM^DEK,P13073,1327,COX4I1,cytochrome c oxidase subunit IV isoform 1,-1.14510671,0.063729733,0,1,1,1,1,1
SEDFSLPAYM^DR,P13073,1327,COX4I1,cytochrome c oxidase subunit IV isoform 1,-1.961040965,0.00226279,0,1,1,1,1,1
LFQEDDEIPLYLK,P14406,1347,COX7A2,cytochrome c oxidase subunit VIIa polypeptide 2 (liver),-0.65178597,0.06421577,0,1,1,1,0,1
YLGVSSPFLAEVLSEPWR,Q92523,1375,CPT1B,carnitine palmitoyltransferase 1B (muscle),-1.50963318,0.006364937,0,1,1,1,0,0
ATNMTVSAIR,P23786,1376,CPT2,carnitine palmitoyltransferase 2,-0.9882577,0.082288915,0,1,1,1,1,1
LFDQFFGEHLLESDLFPTSTSLSPF,P02511,1410,CRYAB,"crystallin, alpha B",-1.23599925,0.021703627,0,1,1,1,0,1
]YVRRLDFFEKPDYDYLRKLFTDLFDRK,Q9Y6M4,1456,CSNK1G3,"casein kinase 1, gamma 3",-1.55166364,0.034001821,0,1,1,0,0,0
]MAMPHWLR,O15528,1594,CYP27B1,"cytochrome P450, family 27, subfamily B, polypeptide 1",2.18043946,0.010392766,1,0,1,1,0,0
NPPVNSLSLEFLTELVISLEK,P42126,1632,ECI1,enoyl-CoA delta isomerase 1,-3.46238848,0.000344445,0,1,1,1,0,0
YCIGLNETQLGIIAPFWLK,P42126,1632,ECI1,enoyl-CoA delta isomerase 1,-0.64518154,0.064743013,0,1,1,1,0,0
ITEIKDGDFK,P07585,1634,DCN,decorin,-1.111492215,0.034448629,0,1,1,0,0,0
YEHALSQCSVDVYK,Q14203,1639,DCTN1,dynactin 1,-1.039213185,0.044029031,0,1,1,0,0,1
LAAQSCALSLVR,Q08211,1660,DHX9,DEAH (Asp-Glu-Ala-His) box polypeptide 9,1.24604034,0.007274019,1,0,1,0,0,1
LGTVEELANLAAFLCSDYASWINGAVIK,Q16698,1666,DECR1,"2,4-dienoyl CoA reductase 1, mitochondrial",-2.39448089,0.001478988,0,1,1,1,1,1
DGEVVSEATQQQH,P17661,1674,DES,desmin,1.334741095,0.022956166,1,0,1,0,0,0
ELQAQLQEQQVQVEMDMSKPDLTAALR,P17661,1674,DES,desmin,0.78128774,0.072650241,1,0,1,0,0,0
QVEVLTNQR,P17661,1674,DES,desmin,1.231877605,0.038845452,1,0,1,0,0,0
TAQNLSIFLGSFR,O60610,1729,DIAPH1,diaphanous homolog 1 (Drosophila),-0.99280177,0.044923332,0,1,1,0,0,1
PTGVFTDIPISNIR,P10515,1737,DLAT,dihydrolipoamide S-acetyltransferase,0.91819467,0.025483649,1,0,1,1,1,1
VPLPSLSPTM^QAGTIAR,P10515,1737,DLAT,dihydrolipoamide S-acetyltransferase,2.25968164,0.01584907,1,0,1,1,1,1
ILGPGAGEMVNEAALALEYGASCEDIAR,P09622,1738,DLD,dihydrolipoamide dehydrogenase,-1.33676672,0.024019953,0,1,1,1,1,1
IPNIYAIGDVVAGPM^LAHK,P09622,1738,DLD,dihydrolipoamide dehydrogenase,-1.409483275,0.004052134,0,1,1,1,1,1
EAVTFLR,P36957,1743,DLST,dihydrolipoamide S-succinyltransferase (E2 component of 2-oxo-glutarate complex),-1.230741635,0.072639297,0,1,1,1,0,1
FHATVSFDTDTGLK,Q14204,1778,DYNC1H1,"dynein, cytoplasmic 1, heavy chain 1",1.841023475,0.008003911,1,0,1,0,0,1
PFHDRM^EECFKNLKMKVEK,Q92608,1794,DOCK2,dedicator of cytokinesis 2,1.67059689,0.072023871,1,0,1,0,0,0
DHSVAESLNYVASWNMSMLQTQDLVK,Q13011,1891,ECH1,"enoyl CoA hydratase 1, peroxisomal",-1.08944475,0.06381142,0,1,1,1,1,1
EVMLDAALALAAEISSK,Q13011,1891,ECH1,"enoyl CoA hydratase 1, peroxisomal",-0.727987635,0.078691424,0,1,1,1,1,1
LTGSSAQEEASGVALGEAPDHSYESLR,Q13011,1891,ECH1,"enoyl CoA hydratase 1, peroxisomal",-1.64450853,0.008189609,0,1,1,1,1,1
PDKEVMLDAALALAAEISSK,Q13011,1891,ECH1,"enoyl CoA hydratase 1, peroxisomal",-1.343380055,0.019285585,0,1,1,1,1,1
MDSTEPAYSEK,Q05639,1917,EEF1A2,eukaryotic translation elongation factor 1 alpha 2,-2.61416383,0.058080972,0,1,1,0,0,1
FMIELDGTENK,P13929,2027,ENO3,"enolase 3 (beta, muscle)",-0.95276892,0.07049909,0,1,1,0,0,1
VNQIGSVTESIQACK,P13929,2027,ENO3,"enolase 3 (beta, muscle)",-1.415471865,0.06100403,0,1,1,0,0,1
VIAAEGEMNASR,P27105,2040,STOM,stomatin,-2.51417047,0.008788526,0,1,1,1,0,1
]IWAFNKKVIDPVAPR,P07814,2058,EPRS,glutamyl-prolyl-tRNA synthetase,-2.19695094,0.047216416,0,1,1,0,0,1
TIVAINKDPEAPIFQVADYGIVADLFK,P13804,2108,ETFA,"electron-transfer-flavoprotein, alpha polypeptide",-0.97305091,0.022772451,0,1,1,1,1,1
LKLPAVVTADLR,P38117,2109,ETFB,"electron-transfer-flavoprotein, beta polypeptide",-0.61353133,0.079852175,0,1,1,1,1,1
YSNIM^ISQFGFPYANYK,Q9UBQ6,2135,EXTL2,exostoses (multiple)-like 2,0.8155478,0.088972364,1,0,1,0,0,1
CGVEVTSM^K,P33121,2180,ACSL1,acyl-CoA synthetase long-chain family member 1,-2.13434271,0.003560517,0,1,1,1,1,1
GIQVSNNGPCLGSR,P33121,2180,ACSL1,acyl-CoA synthetase long-chain family member 1,-0.991145065,0.041213322,0,1,1,1,1,1
KPDQPYEWLSYK,P33121,2180,ACSL1,acyl-CoA synthetase long-chain family member 1,-1.7717178,0.019063144,0,1,1,1,1,1
KPKPPAPEDLAVICFTSGTTGNPK,P33121,2180,ACSL1,acyl-CoA synthetase long-chain family member 1,-0.64618245,0.064279637,0,1,1,1,1,1
LIAIVVPDVETLCSWAQK,P33121,2180,ACSL1,acyl-CoA synthetase long-chain family member 1,-1.30463171,0.014869548,0,1,1,1,1,1
CECDMGFVPSADGK,P35555,2200,FBN1,fibrillin 1,1.73972033,0.004287901,1,0,1,0,0,0
CSNQLPQSITK,P35555,2200,FBN1,fibrillin 1,1.42250576,0.015284617,1,0,1,0,0,0
GWGPHCEICPFQGTVAFK,P35555,2200,FBN1,fibrillin 1,0.5816266,0.097040989,1,0,1,0,0,0
MCCCSYNIGR,P35555,2200,FBN1,fibrillin 1,0.95902354,0.096040537,1,0,1,0,0,0
SQCCSSLGAAWGSPCTLCQVDPICGK,P35555,2200,FBN1,fibrillin 1,0.83121637,0.055163405,1,0,1,0,0,0
YQCACNPGYHSTPDR,P35555,2200,FBN1,fibrillin 1,1.18932107,0.088855558,1,0,1,0,0,0
QSGLYFIKPLK,P02679,2266,FGG,fibrinogen gamma chain,-0.93850913,0.072926124,0,1,1,0,0,1
AIEM^LGGELGSK,P07954,2271,FH,fumarate hydratase,-1.86358256,0.013073704,0,1,1,1,1,1
LLGDASVSFTENCVVGIQANTER,P07954,2271,FH,fumarate hydratase,-1.63043498,0.013286137,0,1,1,1,1,1
PVHPNDHVNK,P07954,2271,FH,fumarate hydratase,-2.80308865,0.009992366,0,1,1,1,1,1
VAALTGLPFVTAPNK,P07954,2271,FH,fumarate hydratase,-0.91928871,0.023914108,0,1,1,1,1,1
TGVAVNKPAEFTVDAK,P21333,2316,FLNA,"filamin A, alpha",-1.9210029,0.007584625,0,1,1,0,0,1
FCVERLSQGRYRVGEKILFIRM^LHNK,O43903,2620,GAS2,growth arrest-specific 2,1.17486527,0.070217734,1,0,1,0,0,1
HGWEELVYYTVPLIQEMESR,O75323,2631,GBAS,glioblastoma amplified sequence,-1.19869498,0.024060343,0,1,1,1,1,1
HEWVTTENGIGTVGISNFAQEALGDVVYCSLPEVGTK,P23434,2653,GCSH,glycine cleavage system protein H (aminomethyl carrier),-1.214802705,0.042709181,0,1,1,1,0,0
]RQMHETLEM^KEEEIAQLRSRIKQMTTQGEELREQKEKSER,Q13439,2803,GOLGA4,golgin A4,-1.61723119,0.021981107,0,1,1,0,0,1
]RQMHETLEMKEEEIAQLRSRIKQM^TTQGEELREQKEKSER,Q13439,2803,GOLGA4,golgin A4,-1.230878735,0.036190393,0,1,1,0,0,1
FLFPFFDSAYQGFASGNLER,P17174,2805,GOT1,"glutamic-oxaloacetic transaminase 1, soluble (aspartate aminotransferase 1)",-1.1007064,0.080057172,0,1,1,0,0,1
TDDCHPWVLPVVK,P17174,2805,GOT1,"glutamic-oxaloacetic transaminase 1, soluble (aspartate aminotransferase 1)",-0.916325625,0.085012532,0,1,1,0,0,1
ANLLEIAPHLSAPLPIMLPVYK,P43304,2820,GPD2,glycerol-3-phosphate dehydrogenase 2 (mitochondrial),0.99416907,0.015592648,1,0,1,1,0,1
HFVALSTNTTK,P06744,2821,GPI,glucose-6-phosphate isomerase,-3.29457779,0.042719661,0,1,1,0,0,1
EALPAPSDDATALMTDPK,P07203,2876,GPX1,glutathione peroxidase 1,-1.130148985,0.015125679,0,1,1,1,0,0
RFLQDYFDGNLK,P30101,2923,PDIA3,"protein disulfide isomerase family A, member 3",2.00984139,0.00279151,1,0,1,0,0,1
GGIVGMTLPIAR,Q99714,3028,HSD17B10,hydroxysteroid (17-beta) dehydrogenase 10,-0.62785611,0.078267731,0,1,1,1,0,1
LGDPAEYAHLVQAIIENPFLNGEVIR,Q99714,3028,HSD17B10,hydroxysteroid (17-beta) dehydrogenase 10,-1.32887136,0.011386343,0,1,1,1,0,1
AGLTMNDIDAFEFHEAFSGQILANFK,P55084,3032,HADHB,"hydroxyacyl-CoA dehydrogenase/3-ketoacyl-CoA thiolase/enoyl-CoA hydratase (trifunctional protein), beta subunit",-2.16055562,0.016656924,0,1,1,1,1,1
EDIDTAMK,Q16836,3033,HADH,hydroxyacyl-CoA dehydrogenase,-0.7787315,0.057580666,0,1,1,1,1,1
FLASVSTVLTSK,P69905,3039,HBA1,"hemoglobin, alpha 1",-0.69685727,0.069451789,0,1,1,0,0,0
FLSFPTTK,P69905,3039,HBA1,"hemoglobin, alpha 1",-0.7390692,0.05522864,0,1,1,0,0,0
LLSHCLLVTLAAHLPAEFTPAVHASLDK,P69905,3039,HBA1,"hemoglobin, alpha 1",-2.05911139,0.0390407,0,1,1,0,0,0
MFLSFPTTK,P69905,3039,HBA1,"hemoglobin, alpha 1",-0.92696619,0.037487073,0,1,1,0,0,0
SALSDLHAHK,P69905,3039,HBA1,"hemoglobin, alpha 1",-0.97967958,0.061393038,0,1,1,0,0,0
EFTPPVQAAYQK,P68871,3043,HBB,"hemoglobin, beta",-0.77994371,0.089450361,0,1,1,0,0,1
FATLSELHCDK,P68871,3043,HBB,"hemoglobin, beta",-0.76259928,0.013600757,0,1,1,0,0,1
FFESFGDLSTPDAVM^GNPK,P68871,3043,HBB,"hemoglobin, beta",-0.60075989,0.041560637,0,1,1,0,0,1
FFESFGDLSTPDAVMGNPK,P68871,3043,HBB,"hemoglobin, beta",-0.88559363,0.03817779,0,1,1,0,0,1
GTFATLSELHCDK,P68871,3043,HBB,"hemoglobin, beta",-0.74106971,0.08403466,0,1,1,0,0,1
NVDEVGGEALGR,P68871,3043,HBB,"hemoglobin, beta",-1.09157513,0.064399676,0,1,1,0,0,1
PPVQAAYQK,P68871,3043,HBB,"hemoglobin, beta",-0.81291142,0.044963126,0,1,1,0,0,1
SAVTALWGK,P68871,3043,HBB,"hemoglobin, beta",-0.73748857,0.071842269,0,1,1,0,0,1
TLSELHCDK,P68871,3043,HBB,"hemoglobin, beta",-1.34467523,0.037219707,0,1,1,0,0,1
GTFSQLSELHCDK,P02042,3045,HBD,"hemoglobin, delta",-0.849504305,0.069276093,0,1,1,0,0,0
NQNVHMESEVYDTPENIVHGSGSQLFDHVAECLGDFMEK,P19367,3098,HK1,hexokinase 1,-1.797286365,0.016809145,0,1,1,1,1,1
QPPVSPGTALVGSQK,P17096,3159,HMGA1,high mobility group AT-hook 1,-1.021537105,0.091023621,0,1,1,0,0,1
VSPTDCSAVEPEAEK,P04196,3273,HRG,histidine-rich glycoprotein,-2.48035926,0.023596377,0,1,1,0,0,0
]M^QRERRGK,P31689,3301,DNAJA1,"DnaJ (Hsp40) homolog, subfamily A, member 1",-1.51723208,0.024021275,0,1,1,1,0,1
SENVQDLLLLDVAPLSLGLETAGGVMTALIK,P08107,3303,HSPA1A,heat shock 70kDa protein 1A,-1.76684379,0.008285933,0,1,1,1,0,0
TFFPEEISSMVLTK,P54652,3306,HSPA2,heat shock 70kDa protein 2,0.70498708,0.044081914,1,0,1,1,0,1
KYTLPPGVDPTQVSSSLSPEGTLTVEAPMPK,P04792,3315,HSPB1,heat shock 27kDa protein 1,-0.70970101,0.064110403,0,1,1,0,0,1
LPEEWSQWLGGSSWPGYVRPLPPAAIESPAVAAPAYSR,P04792,3315,HSPB1,heat shock 27kDa protein 1,-1.543972465,0.011945718,0,1,1,0,0,1
QLSSGVSEIR,P04792,3315,HSPB1,heat shock 27kDa protein 1,-2.59473983,0.003802624,0,1,1,0,0,1
ALM^LQGVDLLADAVAVTMGPK,P10809,3329,HSPD1,heat shock 60kDa protein 1 (chaperonin),-2.44506752,0.001686978,0,1,1,1,1,1
ALMLQGVDLLADAVAVTM^GPK,P10809,3329,HSPD1,heat shock 60kDa protein 1 (chaperonin),-0.762370635,0.071580522,0,1,1,1,1,1
GVMLAVDAVIAELK,P10809,3329,HSPD1,heat shock 60kDa protein 1 (chaperonin),-0.91400611,0.043933924,0,1,1,1,1,1
QSKPVTTPEEIAQVATISANGDKEIGNIISDAMK,P10809,3329,HSPD1,heat shock 60kDa protein 1 (chaperonin),-1.13519144,0.066493706,0,1,1,1,1,1
TALLDAAGVASLLTTAEVVVTEIPK,P10809,3329,HSPD1,heat shock 60kDa protein 1 (chaperonin),-0.84656587,0.035534372,0,1,1,1,1,1
VGEVIVTK,P10809,3329,HSPD1,heat shock 60kDa protein 1 (chaperonin),-1.006581275,0.021779905,0,1,1,1,1,1
VTDALNATR,P10809,3329,HSPD1,heat shock 60kDa protein 1 (chaperonin),-2.04528601,0.063353646,0,1,1,1,1,1
GGEIQPVSVK,P61604,3336,HSPE1,heat shock 10kDa protein 1 (chaperonin 10),-1.00037359,0.084720451,0,1,1,1,0,1
VVLDDKDYFLFR,P61604,3336,HSPE1,heat shock 10kDa protein 1 (chaperonin 10),-0.83443429,0.005692058,0,1,1,1,0,1
TPIAAGHPSM^N,P50213,3419,IDH3A,isocitrate dehydrogenase 3 (NAD+) alpha,-1.015296545,0.060675336,0,1,1,1,1,1
YYDYPSIAHLVQK,P05556,3688,ITGB1,"integrin, beta 1 (fibronectin receptor, beta polypeptide, antigen CD29 includes MDF2, MSK12)",1.280251245,0.031327947,1,0,1,0,0,1
VSVSSGGDCIR,P24043,3908,LAMA2,"laminin, alpha 2",2.87398386,0.005701856,1,0,1,0,0,0
TGQCECQPGITGQHCER,P11047,3915,LAMC1,"laminin, gamma 1 (formerly LAMB2)",1.89257746,0.005530507,1,0,1,0,0,1
ALQATVGNSYK,P11279,3916,LAMP1,lysosomal-associated membrane protein 1,1.74395575,0.099193224,1,0,1,0,0,1
SLADELALVDVLEDK,P07195,3945,LDHB,lactate dehydrogenase B,-1.191151,0.032273229,0,1,1,1,0,1
DAATVTQMHFLTGQGR,Q15334,3996,LLGL1,lethal giant larvae homolog 1 (Drosophila),-1.01250144,0.006516852,0,1,1,0,0,1
ALYETELADAR,P20700,4001,LMNB1,lamin B1,-1.1783254,0.033294451,0,1,1,0,0,1
LTYTAEVSVPK,P09960,4048,LTA4H,leukotriene A4 hydrolase,-1.556966715,0.049049341,0,1,1,0,0,1
TPGAVNACHLSCSALLQDNIADAVACAK,P61626,4069,LYZ,lysozyme,-1.258540955,0.019726621,0,1,1,0,0,1
DREAGRGLGRM^RR,P49736,4171,MCM2,minichromosome maintenance complex component 2,-0.74647263,0.081779017,0,1,1,0,0,1
DQPIILVLLDITPM,P40925,4190,MDH1,"malate dehydrogenase 1, NAD (soluble)",-1.89141492,0.012356996,0,1,1,1,0,1
MGVLDGVLMELQDCALPLLK,P40925,4190,MDH1,"malate dehydrogenase 1, NAD (soluble)",-0.9636091,0.062676777,0,1,1,1,0,1
MIGAPDMAFPR,P00395,4512,COX1,cytochrome c oxidase subunit I,-0.77265637,0.023139693,0,1,1,1,1,0
VLMVEEPSMNLEWLYGCPPPYHTFEEPVYMK,P00395,4512,COX1,cytochrome c oxidase subunit I,-1.074518815,0.008427095,0,1,1,1,1,0
HSFMPIVLELIPLK,P00403,4513,COX2,cytochrome c oxidase subunit II,-1.11653788,0.032105198,0,1,1,1,0,0
DVNYGWIIR,P00156,4519,CYTB,cytochrome b,-0.62614516,0.0607606,0,1,1,1,1,0
M^NQKLLK,P46199,4528,MTIF2,mitochondrial translational initiation factor 2,-1.77468192,0.013100334,0,1,1,1,1,0
LTWLTPLIPSTLLSLGGLPPLTGFLPK,P03891,4536,ND2,MTND2,-1.7695958,0.056500338,0,1,1,1,0,0
WAIIEEFTK,P03891,4536,ND2,MTND2,-0.661066145,0.015788975,0,1,1,1,0,0
MHLSPILLLSLNPDIITGFSS,P03905,4538,ND4,"NADH dehydrogenase, subunit 4 (complex I)",-1.2434551,0.034655916,0,1,1,1,0,0
TSDFDTVFFVR,Q14324,4606,MYBPC2,"myosin binding protein C, fast type",0.9726871,0.006422726,1,0,1,0,0,0
VYTENICGLSDSPGVSK,Q14324,4606,MYBPC2,"myosin binding protein C, fast type",0.937656685,0.04293393,1,0,1,0,0,0
AEKDEEIDQM^KR,P12882,4619,MYH1,"myosin, heavy chain 1, skeletal muscle, adult",2.09963672,0.04018536,1,0,1,0,0,0
ALEDQLSEIK,P12882,4619,MYH1,"myosin, heavy chain 1, skeletal muscle, adult",1.82448564,0.020485634,1,0,1,0,0,0
EFEMSGLQSK,P12882,4619,MYH1,"myosin, heavy chain 1, skeletal muscle, adult",1.90949086,0.008871582,1,0,1,0,0,0
IAEKDEEIDQM^K,P12882,4619,MYH1,"myosin, heavy chain 1, skeletal muscle, adult",1.511982485,0.076121595,1,0,1,0,0,0
IAEKDEEIDQM^KR,P12882,4619,MYH1,"myosin, heavy chain 1, skeletal muscle, adult",2.12564294,0.008906917,1,0,1,0,0,0
IAEKDEEIDQMK,P12882,4619,MYH1,"myosin, heavy chain 1, skeletal muscle, adult",1.37359933,0.062469827,1,0,1,0,0,0
IAEKDEEIDQMKR,P12882,4619,MYH1,"myosin, heavy chain 1, skeletal muscle, adult",2.28448755,0.008044215,1,0,1,0,0,0
IEDEQALGMQLQK,P12882,4619,MYH1,"myosin, heavy chain 1, skeletal muscle, adult",2.01048622,0.010654399,1,0,1,0,0,0
KIAEKDEEIDQM^KR,P12882,4619,MYH1,"myosin, heavy chain 1, skeletal muscle, adult",2.06433906,0.016197309,1,0,1,0,0,0
KKEFEMSGLQSK,P12882,4619,MYH1,"myosin, heavy chain 1, skeletal muscle, adult",1.16508295,0.07711209,1,0,1,0,0,0
KKLETDISQIQGEMEDIIQEAR,P12882,4619,MYH1,"myosin, heavy chain 1, skeletal muscle, adult",1.513233875,0.08610685,1,0,1,0,0,0
LAQESTMDIENDK,P12882,4619,MYH1,"myosin, heavy chain 1, skeletal muscle, adult",1.234066485,0.094543077,1,0,1,0,0,0
LAQESTMDIENDKQQLDEK,P12882,4619,MYH1,"myosin, heavy chain 1, skeletal muscle, adult",2.01740265,0.009620318,1,0,1,0,0,0
LETDISQIQGEMEDIIQEAR,P12882,4619,MYH1,"myosin, heavy chain 1, skeletal muscle, adult",1.23548935,0.049442559,1,0,1,0,0,0
LQDAEEHVEAVNAK,P12882,4619,MYH1,"myosin, heavy chain 1, skeletal muscle, adult",1.69136702,0.01244778,1,0,1,0,0,0
LQTESGEYSR,P12882,4619,MYH1,"myosin, heavy chain 1, skeletal muscle, adult",1.898478515,0.006117837,1,0,1,0,0,0
MEIDDLASNMETVSK,P12882,4619,MYH1,"myosin, heavy chain 1, skeletal muscle, adult",1.65106473,0.03285677,1,0,1,0,0,0
NDLQLQVQAEADSLADAEER,P12882,4619,MYH1,"myosin, heavy chain 1, skeletal muscle, adult",1.85775428,0.004297264,1,0,1,0,0,0
QAEEAEEQSNVNLSK,P12882,4619,MYH1,"myosin, heavy chain 1, skeletal muscle, adult",1.87004375,0.017716675,1,0,1,0,0,0
QLDEKDTLVSQLSR,P12882,4619,MYH1,"myosin, heavy chain 1, skeletal muscle, adult",2.015282425,0.010742052,1,0,1,0,0,0
QVEQEKSELQAALEEAEASLEHEEGK,P12882,4619,MYH1,"myosin, heavy chain 1, skeletal muscle, adult",1.583505305,0.017062252,1,0,1,0,0,0
RIQHELEEAEER,P12882,4619,MYH1,"myosin, heavy chain 1, skeletal muscle, adult",2.12884512,0.004856648,1,0,1,0,0,0
RQAEEAEEQSNVNLSK,P12882,4619,MYH1,"myosin, heavy chain 1, skeletal muscle, adult",1.98901857,0.009041554,1,0,1,0,0,0
SALAHALQSSR,P12882,4619,MYH1,"myosin, heavy chain 1, skeletal muscle, adult",1.17175446,0.063573594,1,0,1,0,0,0
SELQAALEEAEASLEHEEGK,P12882,4619,MYH1,"myosin, heavy chain 1, skeletal muscle, adult",1.40055569,0.043609752,1,0,1,0,0,0
DDKLAQLITR,Q9UKX2,4620,MYH2,"myosin, heavy chain 2, skeletal muscle, adult",1.05887513,0.005558502,1,0,1,0,0,0
EKNDLQLQVQAEAEGLADAEER,Q9UKX2,4620,MYH2,"myosin, heavy chain 2, skeletal muscle, adult",1.07969361,0.051337103,1,0,1,0,0,0
EQYEEEQESK,Q9UKX2,4620,MYH2,"myosin, heavy chain 2, skeletal muscle, adult",1.498394295,0.04487923,1,0,1,0,0,0
ERIEAQNRPFDAK,Q9UKX2,4620,MYH2,"myosin, heavy chain 2, skeletal muscle, adult",2.23197113,0.000261781,1,0,1,0,0,0
IEAQNRPFDAK,Q9UKX2,4620,MYH2,"myosin, heavy chain 2, skeletal muscle, adult",1.914675545,0.010153399,1,0,1,0,0,0
LQAAEEHVEAVNAK,Q9UKX2,4620,MYH2,"myosin, heavy chain 2, skeletal muscle, adult",1.3980044,0.06748193,1,0,1,0,0,0
]QREEQAEPDGTEVADKAAYLTSLNSADLLK,Q9Y623,4622,MYH4,"myosin, heavy chain 4, skeletal muscle",1.652316205,0.015154783,1,0,1,0,0,0
LLGSIEIDHTQYK,Q9Y623,4622,MYH4,"myosin, heavy chain 4, skeletal muscle",1.62879762,0.036958872,1,0,1,0,0,0
TLEDQLSEIK,Q9Y623,4622,MYH4,"myosin, heavy chain 4, skeletal muscle",1.75857579,0.034512884,1,0,1,0,0,0
QAEEAEEQSNANLSK,P13535,4626,MYH8,"myosin, heavy chain 8, skeletal muscle, perinatal",1.51333866,0.00254496,1,0,1,0,0,0
ALGTNPTNAEVR,P05976,4632,MYL1,"myosin, light chain 1, alkali; skeletal, fast",1.2669212,0.024650572,1,0,1,0,0,0
DQATYEDFVEGLR,P05976,4632,MYL1,"myosin, light chain 1, alkali; skeletal, fast",1.45058836,0.031369944,1,0,1,0,0,0
EAFLLFDR,P05976,4632,MYL1,"myosin, light chain 1, alkali; skeletal, fast",1.60468154,0.041194069,1,0,1,0,0,0
IEFEQFLPMMQAISNNK,P05976,4632,MYL1,"myosin, light chain 1, alkali; skeletal, fast",2.338482995,0.000100354,1,0,1,0,0,0
ITLSQVGDVLR,P05976,4632,MYL1,"myosin, light chain 1, alkali; skeletal, fast",1.29155502,0.040072842,1,0,1,0,0,0
KIEFEQFLPM,P05976,4632,MYL1,"myosin, light chain 1, alkali; skeletal, fast",2.56551575,0.000592025,1,0,1,0,0,0
KIEFEQFLPMMQAISNNK,P05976,4632,MYL1,"myosin, light chain 1, alkali; skeletal, fast",1.99949115,0.004816882,1,0,1,0,0,0
KPVAAAAAAPAPAPAPAPAPAPAK,P05976,4632,MYL1,"myosin, light chain 1, alkali; skeletal, fast",2.00370845,0.009416299,1,0,1,0,0,0
KPVAAAAAAPAPAPAPAPAPAPAKPK,P05976,4632,MYL1,"myosin, light chain 1, alkali; skeletal, fast",1.77683549,0.009775078,1,0,1,0,0,0
KPVAAAAAAPAPAPAPAPAPAPAKPKEEK,P05976,4632,MYL1,"myosin, light chain 1, alkali; skeletal, fast",1.074765505,0.047868841,1,0,1,0,0,0
KVLGNPSNEELNAK,P05976,4632,MYL1,"myosin, light chain 1, alkali; skeletal, fast",1.4400749,0.011301562,1,0,1,0,0,0
MKEEEVEALMAGQEDSNGCINYEAFVK,P05976,4632,MYL1,"myosin, light chain 1, alkali; skeletal, fast",1.57152992,0.046017428,1,0,1,0,0,0
VLGNPSNEELNAK,P05976,4632,MYL1,"myosin, light chain 1, alkali; skeletal, fast",1.42621496,0.021137591,1,0,1,0,0,0
EVEFDASK,P08590,4634,MYL3,"myosin, light chain 3, alkali; ventricular, skeletal, slow",-1.4201157,0.04065142,0,1,1,0,1,0
IEFTPEQIEEFKEAFMLFDR,P08590,4634,MYL3,"myosin, light chain 3, alkali; ventricular, skeletal, slow",-3.255411055,0.013747702,0,1,1,0,1,0
KYTEQITNEK,Q16718,4698,NDUFA5,"NADH dehydrogenase (ubiquinone) 1 alpha subcomplex, 5, 13kDa",-2.190123045,0.021301618,0,1,1,1,0,1
FFHETEAPRPK,P56556,4700,NDUFA6,"NADH dehydrogenase (ubiquinone) 1 alpha subcomplex, 6, 14kDa",2.69323941,0.001025155,1,0,1,1,0,1
ESVPPSIIMSSQK,O95182,4701,NDUFA7,"NADH dehydrogenase (ubiquinone) 1 alpha subcomplex, 7, 14.5kDa",1.193017315,0.009433893,1,0,1,1,1,1
PAESSAVAATEK,O95182,4701,NDUFA7,"NADH dehydrogenase (ubiquinone) 1 alpha subcomplex, 7, 14.5kDa",2.42423196,0.015284826,1,0,1,1,1,1
HCAEPFTEYWTCIDYTGQQLFR,P51970,4702,NDUFA8,"NADH dehydrogenase (ubiquinone) 1 alpha subcomplex, 8, 19kDa",-1.854465925,0.0021066,0,1,1,1,1,1
FEVLNYTSIPIFLPEVTIGAHQTDR,O95299,4705,NDUFA10,"NADH dehydrogenase (ubiquinone) 1 alpha subcomplex, 10, 42kDa",-1.11709053,0.0171086,0,1,1,1,1,1
LLVQDKFEVLNYTSIPIFLPEVTIGAHQTDR,O95299,4705,NDUFA10,"NADH dehydrogenase (ubiquinone) 1 alpha subcomplex, 10, 42kDa",-2.085653865,0.003387959,0,1,1,1,1,1
SVTICDYLPPHLVIYIDVPVPEVQR,O95299,4705,NDUFA10,"NADH dehydrogenase (ubiquinone) 1 alpha subcomplex, 10, 42kDa",-2.49072912,3.20E-05,0,1,1,1,1,1
SDM^PPLTLEGIQDR,O14561,4706,NDUFAB1,"NADH dehydrogenase (ubiquinone) 1, alpha/beta subcomplex, 1, 8kDa",4.25448619,0.00016105,1,0,1,1,1,1
EGDLPPLWWYIVTR,Q9Y6M9,4715,NDUFB9,"NADH dehydrogenase (ubiquinone) 1 beta subcomplex, 9, 22kDa",-0.79756949,0.045817751,0,1,1,1,1,1
EIWDMFGVFFANHPDLR,O75489,4722,NDUFS3,"NADH dehydrogenase (ubiquinone) Fe-S protein 3, 30kDa (NADH-coenzyme Q reductase)",-1.51659212,0.005512017,0,1,1,1,1,1
FEIVYNLLSLR,O75489,4722,NDUFS3,"NADH dehydrogenase (ubiquinone) Fe-S protein 3, 30kDa (NADH-coenzyme Q reductase)",-1.28363856,0.017789172,0,1,1,1,1,1
SVCETVLMDFDALVQAQTGLGTAAVIVMDR,P49821,4723,NDUFV1,"NADH dehydrogenase (ubiquinone) flavoprotein 1, 51kDa",-1.86365507,0.058571866,0,1,1,1,1,1
VYINLDKETK,O75380,4726,NDUFS6,"NADH dehydrogenase (ubiquinone) Fe-S protein 6, 13kDa (NADH-coenzyme Q reductase)",1.549885395,0.062614582,1,0,1,1,0,1
TCSLPDLSK,Q96PY6,4750,NEK1,NIMA (never in mitosis gene a)-related kinase 1,1.18222341,0.07965408,1,0,1,0,0,0
HCEDGICTVTAGPK,P19838,4790,NFKB1,nuclear factor of kappa light polypeptide gene enhancer in B-cells 1,-2.697993125,0.004996528,0,1,1,1,0,1
YLQEVIDVLETDGHFR,Q02818,4924,NUCB1,nucleobindin 1,-1.441276295,0.026849501,0,1,1,0,0,1
LGFYGLDESDLDKVFHLPTTTFIGGQESALPLR,Q02218,4967,OGDH,oxoglutarate (alpha-ketoglutarate) dehydrogenase (lipoamide),-1.065941885,0.027919477,0,1,1,1,1,1
PEDGPAAQNPENVK,Q02218,4967,OGDH,oxoglutarate (alpha-ketoglutarate) dehydrogenase (lipoamide),-1.497128355,0.023054383,0,1,1,1,1,1
FYTDPVEAVK,P55809,5019,OXCT1,3-oxoacid CoA transferase 1,0.97263515,0.067636733,1,0,1,1,1,1
NRPTSISWDGLDSGK,P30086,5037,PEBP1,phosphatidylethanolamine binding protein 1,1.33655955,0.013393933,1,0,1,0,0,1
WSGPLSLQEVDEQPQHPLHVTYAGAAVDELGK,P30086,5037,PEBP1,phosphatidylethanolamine binding protein 1,0.786020005,0.061260445,1,0,1,0,0,1
GRTCRGRKFDGHRCAGQQQDIR,P27918,5199,CFP,complement factor properdin,-1.829912695,0.005230228,0,1,1,0,0,0
HLEGM^SDQAIMELNLPTGIPIVYELNK,P15259,5224,PGAM2,phosphoglycerate mutase 2 (muscle),1.26783313,0.046099988,1,0,1,0,0,0
IALYETPTGWK,P36871,5236,PGM1,phosphoglucomutase 1,-1.15757074,0.012079107,0,1,1,0,0,1
AATFGLILDDVSLTHLTFGK,P35232,5245,PHB,prohibitin,-1.198413345,0.054747982,0,1,1,1,1,1
GVQDIVVGEGTHFLIPWVQKPIIFDCR,P35232,5245,PHB,prohibitin,-1.393958875,0.004740633,0,1,1,1,1,1
FFILCGLGGIISCGTTHTALVPLDLVK,Q00325,5250,SLC25A3,"solute carrier family 25 (mitochondrial carrier; phosphate carrier), member 3",-1.758019255,0.028302709,0,1,1,1,1,1
GWAPTFLGYSMQGL,Q00325,5250,SLC25A3,"solute carrier family 25 (mitochondrial carrier; phosphate carrier), member 3",-0.80708987,0.097804266,0,1,1,1,1,1
TSLYLAASASAEFFADIALAPMEAAK,Q00325,5250,SLC25A3,"solute carrier family 25 (mitochondrial carrier; phosphate carrier), member 3",-1.48342852,0.068788478,0,1,1,1,1,1
FGVEQDVDMVFASFIR,P14618,5315,PKM,"pyruvate kinase, muscle",-1.506028685,0.062011957,0,1,1,1,0,1
APWCHTTNSQVR,P00747,5340,PLG,plasminogen,-1.12663991,0.075281975,0,1,1,0,0,0
M^AWQWRGEFM^PASR,Q07864,5426,POLE,"polymerase (DNA directed), epsilon, catalytic subunit",1.710748085,0.008144292,1,0,1,0,0,1
KWESPAQNTAHLDQFER,P17612,5566,PRKACA,"protein kinase, cAMP-dependent, catalytic, alpha",1.683622005,0.011067647,1,0,1,1,0,1
GLGQECVLSSSPAVLALQTSLVFSR,P78527,5591,PRKDC,"protein kinase, DNA-activated, catalytic polypeptide",1.46136283,0.001322061,1,0,1,0,0,1
DGGFCEVCK,P07602,5660,PSAP,prosaposin,2.30727581,0.007402483,1,0,1,1,0,1
QEILAALEK,P07602,5660,PSAP,prosaposin,1.04797519,0.033862994,1,0,1,1,0,1
YKDILPFDHSR,Q05209,5782,PTPN12,"protein tyrosine phosphatase, non-receptor type 12",-1.95327965,0.000375551,0,1,1,0,0,1
VKLDSPAGTALSPSGH,P32322,5831,PYCR1,pyrroline-5-carboxylate reductase 1,0.62251923,0.051618509,1,0,1,1,0,1
GAHGIIVVYDVTDQESFNNVK,P62820,5861,RAB1A,"RAB1A, member RAS oncogene family",2.32184629,0.001483467,1,0,1,0,0,1
ELSLAGNELGDEGAR,P13489,6050,RNH1,ribonuclease/angiogenin inhibitor 1,-1.076562125,0.019767508,0,1,1,0,0,1
IAAEGIHTGQFVYCGK,P62917,6132,RPL8,ribosomal protein L8,1.22378687,0.009600888,1,0,1,0,0,1
AGAIAPCEVTVPAQNTGLGPEK,P05388,6175,RPLP0,"ribosomal protein, large, P0",-1.295288745,0.015373217,0,1,1,0,0,1
IQQLVQDIASLTLLEISDLNELLK,P52815,6182,MRPL12,mitochondrial ribosomal protein L12,-2.8160899,0.000130016,0,1,1,1,1,1
DVPAYSQDTFK,P04843,6184,RPN1,ribophorin I,1.30939542,0.083473627,1,0,1,0,0,1
AGIIQDTWHK,Q9P2E9,6238,RRBP1,ribosome binding protein 1 homolog 180kDa (dog),1.7066689,0.035693705,1,0,1,0,0,1
IPGTGALASAAAAVSGSK,O75298,6253,RTN2,reticulon 2,0.91953141,0.013146008,1,0,1,0,0,0
QHQAQIDQYVGLVTNQLSHIK,O75298,6253,RTN2,reticulon 2,0.71444822,0.053809919,1,0,1,0,0,0
AILGLPNSVEEMCPDIPVLER,P21817,6261,RYR1,ryanodine receptor 1 (skeletal),1.30575748,0.025042595,1,0,1,0,0,1
EGAPGGTPQAGGEAQPAR,P21817,6261,RYR1,ryanodine receptor 1 (skeletal),0.77931671,0.094231258,1,0,1,0,0,1
EHFGEEPPEENR,P21817,6261,RYR1,ryanodine receptor 1 (skeletal),1.3121973,0.004572678,1,0,1,0,0,1
GEGGSGLLAAIEEAIR,P21817,6261,RYR1,ryanodine receptor 1 (skeletal),0.774924155,0.08689883,1,0,1,0,0,1
GVPGREEDADDPEK,P21817,6261,RYR1,ryanodine receptor 1 (skeletal),1.06012289,0.065147103,1,0,1,0,0,1
KPECFGPALR,P21817,6261,RYR1,ryanodine receptor 1 (skeletal),1.1015474,0.024185959,1,0,1,0,0,1
DPIYFTGLASEPGAR,Q99523,6272,SORT1,sortilin 1,1.70152093,0.062229852,1,0,1,0,0,1
PLDQAIGLLVAIFHK,P06703,6277,S100A6,S100 calcium binding protein A6,-1.311008525,0.044328143,0,1,1,0,0,1
EETEDANEEAPLR,Q86TD4,6345,SRL,sarcalumenin,0.75886436,0.071797223,1,0,1,0,0,0
GMVWNTDLVETLELQNLMLCALQTIYGAEAR,P31040,6389,SDHA,"succinate dehydrogenase complex, subunit A, flavoprotein (Fp)",-1.81106536,0.003030961,0,1,1,1,1,1
LGANSLLDLVVFGR,P31040,6389,SDHA,"succinate dehydrogenase complex, subunit A, flavoprotein (Fp)",-1.2543427,0.00248701,0,1,1,1,1,1
LEGDSEFLQPLYAK,Q92629,6444,SGCD,"sarcoglycan, delta (35kDa dystrophin-associated glycoprotein)",1.35690532,0.058875261,1,0,1,0,0,0
LPHGSYTPTGTR,Q92629,6444,SGCD,"sarcoglycan, delta (35kDa dystrophin-associated glycoprotein)",1.404209275,0.036645034,1,0,1,0,0,0
]MCPAGWKLLAMLALVLVVMVWY,Q11206,6484,ST3GAL4,"ST3 beta-galactoside alpha-2,3-sialyltransferase 4",-1.635990985,0.026570908,0,1,1,0,0,0
DREDAVM^HHLLCGGLYKPRRR,Q14940,6553,SLC9A5,"solute carrier family 9, subfamily A (NHE5, cation proton antiporter 5), member 5",-1.206526655,0.041930391,0,1,1,0,0,0
STVFTIFGSNK,Q92673,6653,SORL1,"sortilin-related receptor, L(DLR class) A repeats containing",1.214396845,0.037776756,1,0,1,0,0,1
VPADLGAEAGLQQLLGALR,P35270,6697,SPR,"sepiapterin reductase (7,8-dihydrobiopterin:NADP+ oxidoreductase)",-1.27334193,0.008802502,0,1,1,1,0,1
EANELQQWINEK,Q13813,6709,SPTAN1,"spectrin, alpha, non-erythrocytic 1",-1.69970007,0.009311073,0,1,1,0,0,1
EQLTEEQKNEFK,P63316,7134,TNNC1,troponin C type 1 (slow),-0.66065272,0.065564184,0,1,1,1,1,0
IDAAEEEKYDMEVR,P48788,7136,TNNI2,"troponin I type 2 (skeletal, fast)",1.794733775,0.023108607,1,0,1,0,0,0
QNYLAEHCPPLHIPGSMSEVQELCK,P48788,7136,TNNI2,"troponin I type 2 (skeletal, fast)",1.57146182,0.061105282,1,0,1,0,0,0
SVMLQIAATELEKEESR,P48788,7136,TNNI2,"troponin I type 2 (skeletal, fast)",1.207556455,0.082557145,1,0,1,0,0,0
KKPLDIDYM^GEEQLR,P13805,7138,TNNT1,"troponin T type 1 (skeletal, slow)",-0.92442996,0.089535562,0,1,1,0,0,0
DLMELQALIDSHFEAR,P45378,7140,TNNT3,"troponin T type 3 (skeletal, fast)",2.04050948,0.088647293,1,0,1,0,0,0
IPEGEKVDFDDIQK,P45378,7140,TNNT3,"troponin T type 3 (skeletal, fast)",1.309798415,0.057578799,1,0,1,0,0,0
KPLNIDHLGEDKLR,P45378,7140,TNNT3,"troponin T type 3 (skeletal, fast)",1.74082542,0.005146422,1,0,1,0,0,0
]FFLRHERPPGRDIVSGPR,Q13625,7159,TP53BP2,"tumor protein p53 binding protein, 2",1.003987065,0.029541799,1,0,1,0,0,0
HVFGESDELIGQK,P60174,7167,TPI1,triosephosphate isomerase 1,-1.62079292,0.008485612,0,1,1,0,0,1
IIYGGSVTGATCK,P60174,7167,TPI1,triosephosphate isomerase 1,-0.98793322,0.083277726,0,1,1,0,0,1
QSLGELIGTLNAAK,P60174,7167,TPI1,triosephosphate isomerase 1,-1.27353574,0.058452225,0,1,1,0,0,1
YGGSVTGATCK,P60174,7167,TPI1,triosephosphate isomerase 1,-1.105847,0.004029384,0,1,1,0,0,1
EDRYEEEIK,P09493,7168,TPM1,tropomyosin 1 (alpha),1.92791438,0.003907011,1,0,1,0,0,1
SIDDLEDELYAQK,P09493,7168,TPM1,tropomyosin 1 (alpha),1.31858493,0.096510224,1,0,1,0,0,1
YSQKEDRYEEEIK,P09493,7168,TPM1,tropomyosin 1 (alpha),1.17677696,0.030515451,1,0,1,0,0,1
CSELEEELK,P06753,7170,TPM3,tropomyosin 3,1.08493309,0.045657559,1,0,1,0,0,1
ELLTEFGYKGEETPVIVGSALCALEGR,P49411,7284,TUFM,"Tu translation elongation factor, mitochondrial",-0.73426016,0.073917057,0,1,1,1,1,1
GEETPVIVGSALCALEGR,P49411,7284,TUFM,"Tu translation elongation factor, mitochondrial",-0.6591918,0.081338858,0,1,1,1,1,1
QIGVEHVVVYVNK,P49411,7284,TUFM,"Tu translation elongation factor, mitochondrial",-0.90324153,0.054759188,0,1,1,1,1,1
VEAQVYILSK,P49411,7284,TUFM,"Tu translation elongation factor, mitochondrial",-1.428407325,0.01094412,0,1,1,1,1,1
EVESM^GAHLNAYSTR,P31930,7384,UQCRC1,ubiquinol-cytochrome c reductase core protein I,0.67740268,0.088464607,1,0,1,1,1,1
VTQSNFAVGYKTDEFQLHTNVNDGTEFGGSIYQK,P21796,7416,VDAC1,voltage-dependent anion channel 1,-1.209899595,0.040953346,0,1,1,1,0,1
SQNNFALGYK,Q9Y277,7419,VDAC3,voltage-dependent anion channel 3,-2.972330065,0.007087272,0,1,1,1,1,1
VNNASLIGLGYTQTLRPGVK,Q9Y277,7419,VDAC3,voltage-dependent anion channel 3,-1.43434318,0.05245787,0,1,1,1,1,1
EKLQEEM^LQR,P08670,7431,VIM,vimentin,2.71323091,0.003802979,1,0,1,0,0,1
SLYASSPGGVYATR,P08670,7431,VIM,vimentin,1.50941874,0.016056983,1,0,1,0,0,1
AAFDDAIAELDTLSEESYK,P62258,7531,YWHAE,"tyrosine 3-monooxygenase/tryptophan 5-monooxygenase activation protein, epsilon polypeptide",-1.076830885,0.033824178,0,1,1,1,0,1
FLIPNASQAESK,P63104,7534,YWHAZ,"tyrosine 3-monooxygenase/tryptophan 5-monooxygenase activation protein, zeta polypeptide",-2.65882438,0.001460567,0,1,1,1,0,1
SVTEQGAELSNEER,P63104,7534,YWHAZ,"tyrosine 3-monooxygenase/tryptophan 5-monooxygenase activation protein, zeta polypeptide",-1.78821566,0.016259288,0,1,1,1,0,1
]TEDTEVTDFPSLEEGILTQSENQVK,Q8TCU4,7840,ALMS1,Alstrom syndrome 1,-1.45743882,0.003709846,0,1,1,0,0,0
SAAMRERFDRFLHEKNCM^TDLLAKLEAK,Q00765,7905,REEP5,receptor accessory protein 5,0.87595438,0.047885597,1,0,1,0,0,1
YGIDEYLELK,P51649,7915,ALDH5A1,"aldehyde dehydrogenase 5 family, member A1",-0.732669335,0.071315381,0,1,1,1,1,1
TVYHAEEIQCNGR,P50461,8048,CSRP3,cysteine and glycine-rich protein 3 (cardiac LIM protein),1.229984105,0.042337981,1,0,1,0,0,0
DVGPPPPVSKPSEPR,O00330,8050,PDHX,"pyruvate dehydrogenase complex, component X",-0.95891241,0.044926095,0,1,1,1,1,1
LGSLIGLIVEEGEDWK,O00330,8050,PDHX,"pyruvate dehydrogenase complex, component X",-1.13139606,0.055104379,0,1,1,1,1,1
RRPCEQISPEEEER,P15407,8061,FOSL1,FOS-like antigen 1,-1.36042271,0.064802066,0,1,1,0,0,1
EFTGFPDPYTELNTGK,O75923,8291,DYSF,"dysferlin, limb girdle muscular dystrophy 2B (autosomal recessive)",1.313304995,0.031946027,1,0,1,0,0,1
FIFPFDYLPAEQVCTIAK,O75923,8291,DYSF,"dysferlin, limb girdle muscular dystrophy 2B (autosomal recessive)",1.68773585,0.000509753,1,0,1,0,0,1
WLLLSDPDDFSAGAR,O75923,8291,DYSF,"dysferlin, limb girdle muscular dystrophy 2B (autosomal recessive)",1.392965805,0.053069872,1,0,1,0,0,1
RISGLIYEETR,P62805,8294,HIST1H4I,"histone cluster 1, H4i",1.374416235,0.025245509,1,0,1,0,0,0
AVVVNAAQLASYSQSK,Q02978,8402,SLC25A11,"solute carrier family 25 (mitochondrial carrier; oxoglutarate carrier), member 11",-1.16172303,0.034237566,0,1,1,1,0,1
SAGAGGIDGKPR,Q02978,8402,SLC25A11,"solute carrier family 25 (mitochondrial carrier; oxoglutarate carrier), member 11",-1.629248835,0.088706155,0,1,1,1,0,1
EFGSLPTTPSEQR,O15400,8417,STX7,syntaxin 7,1.44502281,0.008719052,1,0,1,0,0,1
EAAEYIAQAR,P56589,8504,PEX3,peroxisomal biogenesis factor 3,-1.12567244,0.086685838,0,1,1,0,0,1
]MMCEVM^PTISEDGR,O75145,8541,PPFIA3,"protein tyrosine phosphatase, receptor type, f polypeptide (PTPRF), interacting protein (liprin), alpha 3",-2.99457091,0.000513754,0,1,1,0,0,0
YGQVTPLEIDILYQLADLYNASGR,O75746,8604,SLC25A12,"solute carrier family 25 (aspartate/glutamate carrier), member 12",-1.060298365,0.039740073,0,1,1,1,0,1
EFSPFGSITSAK,Q13310,8761,PABPC4,"poly(A) binding protein, cytoplasmic 4 (inducible form)",-1.129912785,0.026701868,0,1,1,0,0,1
IFDLQDWTQEDER,Q9P2R7,8803,SUCLA2,"succinate-CoA ligase, ADP-forming, beta subunit",-2.71298698,0.013474996,0,1,1,1,1,1
RNVDLDLAASHRK,Q15751,8925,HERC1,HECT and RLD domain containing E3 ubiquitin protein ligase family member 1,-0.92145312,0.047776785,0,1,1,0,0,1
AQLFALTGVQPAR,P54578,9097,USP14,ubiquitin specific peptidase 14 (tRNA-guanine transglycosylase),1.53895451,0.019857123,1,0,1,0,0,1
CEAWTMPEPGPAYDLTFCEVR,P54296,9172,MYOM2,"myomesin (M-protein) 2, 165kDa",1.74403071,0.002852191,1,0,1,1,1,1
DADPLVTGAPGAPMDLQCHDANR,P54296,9172,MYOM2,"myomesin (M-protein) 2, 165kDa",0.65391549,0.096944673,1,0,1,1,1,1
FWLQAEHLSPDASYR,P54296,9172,MYOM2,"myomesin (M-protein) 2, 165kDa",1.11596952,0.095820427,1,0,1,1,1,1
TVLEEAEFQR,P54296,9172,MYOM2,"myomesin (M-protein) 2, 165kDa",1.30245356,0.006190195,1,0,1,1,1,1
RLPEAIEEVK,Q9UBQ7,9380,GRHPR,glyoxylate reductase/hydroxypyruvate reductase,-0.908520375,0.096417782,0,1,1,0,0,1
YALPLVGHR,P13667,9601,PDIA4,"protein disulfide isomerase family A, member 4",1.12370657,0.053236441,1,0,1,0,0,1
]GELESAQAQIKILEEK,Q66GS9,9662,CEP135,centrosomal protein 135kDa,-0.971184565,0.097154947,0,1,1,0,0,0
]DILSFDKIKEQRERERQR,Q14151,9667,SAFB2,scaffold attachment factor B2,1.37015979,0.014765477,1,0,1,0,0,1
]HFHTM^AAMKNHLRRHSRRRSRRHR,O15015,9726,ZNF646,zinc finger protein 646,0.920514555,0.087436973,1,0,1,0,0,0
SRVEEVDGSLVRILFLDDKRCEWIYRGSTRLEPMFSMK,Q15047,9869,SETDB1,"SET domain, bifurcated 1",-1.918821135,0.005299795,0,1,1,0,0,0
QVSTAM^AEEIR,O95140,9927,MFN2,mitofusin 2,1.54675949,0.00159039,1,0,1,1,0,1
NIVLSGGSTM^FR,P61158,10096,ACTR3,ARP3 actin-related protein 3 homolog (yeast),0.72617929,0.097433498,1,0,1,0,0,1
ASEPGLAQLLVDQIYENAMIAAGLVDDPR,Q12931,10131,TRAP1,TNF receptor-associated protein 1,-1.07548609,0.039522271,0,1,1,1,1,1
AQQVAVQEQEIAR,O75955,10211,FLOT1,flotillin 1,-1.599923915,0.071193199,0,1,1,0,0,1
AAYQVAALPK,P52758,10247,HRSP12,heat-responsive protein 12,1.114888625,0.048090744,1,0,1,1,0,1
LGLLLDCPR,O60662,10324,KBTBD10,kelch repeat and BTB (POZ) domain containing 10,0.76837879,0.071541107,1,0,1,0,0,0
KYGEFFPVPESILTSM^K,Q9UGM6,10352,WARS2,"tryptophanyl tRNA synthetase 2, mitochondrial",-1.065990875,0.093823022,0,1,1,1,1,0
GLTFQEVENFFTFLK,Q9BPX6,10367,MICU1,mitochondrial calcium uptake 1,-1.4938612,0.004438861,0,1,1,1,1,0
LAGVTALSCWLPLR,O75608,10434,LYPLA1,lysophospholipase I,1.112132005,0.049392387,1,0,1,1,0,1
WDAWNALGSLPK,O75521,10455,ECI2,enoyl-CoA delta isomerase 2,-1.027868675,0.082755842,0,1,1,1,0,0
SESPQPAPDWGSQRPF,O00165,10456,HAX1,HCLS1 associated protein X-1,-2.43460169,0.091693012,0,1,1,1,1,1
QCENDIIPNVLEAMISGELDILK,O43615,10469,TIMM44,translocase of inner mitochondrial membrane 44 homolog (yeast),-1.224859335,0.023111767,0,1,1,1,1,1
ADHSLHLSK,Q13162,10549,PRDX4,peroxiredoxin 4,2.063130375,0.029269541,1,0,1,1,0,1
TPMGIVLDALEQQEEGINR,O75915,10550,ARL6IP5,ADP-ribosylation-like factor 6 interacting protein 5,1.284305395,0.01229991,1,0,1,0,0,1
IYVAELIQQLQQQALSEPAVVQK,Q13084,10573,MRPL28,mitochondrial ribosomal protein L28,1.02350593,0.056850225,1,0,1,1,1,1
LATFWYYAK,O75964,10632,ATP5L,"ATP synthase, H+ transporting, mitochondrial Fo complex, subunit G",-0.72628193,0.066272365,0,1,1,1,1,1
VAFGSLAANGPTTLVDK,Q9UKX7,10762,NUP50,nucleoporin 50kDa,0.95023051,0.083453642,1,0,1,0,0,1
DEHANEDVER,P61026,10890,RAB10,"RAB10, member RAS oncogene family",1.05633637,0.090890539,1,0,1,0,0,1
ILDQGEDFPASEM^TR,P30040,10961,ERP29,endoplasmic reticulum protein 29,2.53107714,0.052917593,1,0,1,0,0,1
TMETLHLEYFEEAMNYLLSHPEVK,P49753,10965,ACOT2,acyl-CoA thioesterase 2,-1.396642645,0.003927034,0,1,1,1,1,1
]QQEIAKMGTPVPRPPQDMGQIGVR,Q13435,10992,SF3B2,"splicing factor 3b, subunit 2, 145kDa",-1.51236211,0.095461818,0,1,1,0,0,1
]KMEPDEQLRNDHMNLRGHTPLDTQLEDKEKK,Q7Z7A1,11064,CNTRL,centriolin,0.979960615,0.090431879,1,0,1,0,0,0
]AGPPPEK,Q9BUJ2,11100,HNRNPUL1,heterogeneous nuclear ribonucleoprotein U-like 1,-1.4718671,0.007641276,0,1,1,0,0,1
DFSSVFQFLR,P31937,11112,HIBADH,3-hydroxyisobutyrate dehydrogenase,-0.884976255,0.044656747,0,1,1,1,0,1
AAQSQLSQGDLVVAIDGVNTDTMTHLEAQNK,O75112,11155,LDB3,LIM domain binding 3,1.46986472,0.090124211,1,0,1,0,0,0
GGPAYTPAGPQVPPLAR,O75112,11155,LDB3,LIM domain binding 3,1.279365405,0.037581769,1,0,1,0,0,0
ILAQMTGTEFMQDPDEEALR,O75112,11155,LDB3,LIM domain binding 3,1.21510141,0.003585271,1,0,1,0,0,0
]FSVVSDKNHM^HFGAITCAMGIR,Q9Y5B9,11198,SUPT16H,suppressor of Ty 16 homolog (S. cerevisiae),-1.022265305,0.068517512,0,1,1,0,0,1
GAEEMETVIPVDVMR,Q99497,11315,PARK7,parkinson protein 7,-0.879929795,0.040524917,0,1,1,1,0,1
VNSVGSSSTSSSGLTGNYVPSFLKK,Q9UPZ9,22858,ICK,intestinal cell (MAK-like) kinase,-1.2859848,0.047366934,0,1,1,0,0,1
]M^TEIADLTYNVVAFSEIMSMVWKRLNDHGKNWR,O95208,22905,EPN2,epsin 2,-2.24541602,0.006759817,0,1,1,0,0,1
WSPSLDR,Q86UR5,22999,RIMS1,regulating synaptic membrane exocytosis 1,-1.36982349,0.030304768,0,1,1,0,0,0
SIRPGLSPYR,Q14697,23193,GANAB,"glucosidase, alpha; neutral AB",2.87217404,0.0314817,1,0,1,0,0,1
M^VAFNNQIDHEVTVEKKWGQK,Q9NU22,23195,MDN1,"MDN1, midasin homolog (yeast)",2.7014825,0.001969462,1,0,1,0,0,1
GLDTVVALLADVVLQPR,Q10713,23203,PMPCA,peptidase (mitochondrial processing) alpha,-2.156119965,0.000186848,0,1,1,1,1,1
MVLAGVGVEHEHLVDCAR,Q10713,23203,PMPCA,peptidase (mitochondrial processing) alpha,-1.1317952,0.013127219,0,1,1,1,1,1
ASKPSDM^SVQVCGYISK,O75165,23317,DNAJC13,"DnaJ (Hsp40) homolog, subfamily C, member 13",0.93900303,0.026302953,1,0,1,0,0,1
HAKFRCYVMGKPEPEIEWHWEGRPLLPDRR,O75147,23363,OBSL1,obscurin-like 1,3.058390755,0.010321003,1,0,1,0,0,0
EVDILISTALIPGK,Q13423,23530,NNT,nicotinamide nucleotide transhydrogenase,-0.86008273,0.054886034,0,1,1,1,1,1
SLANVILGGYGTTSTAGGKPMEISGTHTEINLDNAIDMIR,Q13423,23530,NNT,nicotinamide nucleotide transhydrogenase,-0.936746745,0.062836864,0,1,1,1,1,1
]IRLFREFLQVLETECQHLHTKGR,Q6NWY9,25766,PRPF40B,PRP40 pre-mRNA processing factor 40 homolog B (S. cerevisiae),-1.30537978,0.061496156,0,1,1,0,0,0
DVVVQHVHFDGLGR,Q9Y512,25813,SAMM50,sorting and assembly machinery component 50 homolog (S. cerevisiae),-1.31880869,0.004692995,0,1,1,1,1,1
SLEPLPSSGPDFGGLGEEAEFVEVEPEAK,Q9Y512,25813,SAMM50,sorting and assembly machinery component 50 homolog (S. cerevisiae),-0.94295399,0.054987441,0,1,1,1,1,1
VGDAIPAVEVFEGEPGNK,P30044,25824,PRDX5,peroxiredoxin 5,-0.68477036,0.078188873,0,1,1,1,1,1
TVFFWAPIMK,O95563,25874,MPC2,mitochondrial pyruvate carrier 2,-0.916153975,0.021095861,0,1,1,1,0,1
FGYPFVIIAGK,Q7L3T8,25973,PARS2,"prolyl-tRNA synthetase 2, mitochondrial (putative)",-0.83353232,0.01439391,0,1,1,1,1,0
M^SKDALPEK,Q9UK99,26273,FBXO3,F-box protein 3,1.28271575,0.020829703,1,0,1,0,0,0
VATM^LATGGNR,Q9H3K2,27069,GHITM,growth hormone inducible transmembrane protein,1.677281845,0.005347651,1,0,1,1,1,0
GETHLWSPQVSEDGK,Q53GG5,27295,PDLIM3,PDZ and LIM domain 3,1.22586104,0.094747838,1,0,1,0,0,0
SNDKELEEVNLNNIQDIPIPMLSELCEAMK,Q9NZQ9,29765,TMOD4,tropomodulin 4 (muscle),1.990299485,0.002217823,1,0,1,0,0,0
LYSLLFR,Q9UDW1,29796,UQCR10,"ubiquinol-cytochrome c reductase, complex III subunit X",-4.59319775,4.38E-06,0,1,1,1,0,1
DGIIDKEDLR,Q96A32,29895,MYLPF,"myosin light chain, phosphorylatable, fast skeletal muscle",1.80277605,0.057041613,1,0,1,0,0,0
DTFAAMGR,Q96A32,29895,MYLPF,"myosin light chain, phosphorylatable, fast skeletal muscle",1.39390743,0.040181512,1,0,1,0,0,0
EAFTVIDQNR,Q96A32,29895,MYLPF,"myosin light chain, phosphorylatable, fast skeletal muscle",1.63126065,0.065605123,1,0,1,0,0,0
LKGADPEDVITGAFK,Q96A32,29895,MYLPF,"myosin light chain, phosphorylatable, fast skeletal muscle",1.59516476,0.03137427,1,0,1,0,0,0
NEELDAMMK,Q96A32,29895,MYLPF,"myosin light chain, phosphorylatable, fast skeletal muscle",1.75236812,0.032586173,1,0,1,0,0,0
NICYVITHGDAK,Q96A32,29895,MYLPF,"myosin light chain, phosphorylatable, fast skeletal muscle",1.848708095,0.020736709,1,0,1,0,0,0
NICYVITHGDAKDQE,Q96A32,29895,MYLPF,"myosin light chain, phosphorylatable, fast skeletal muscle",1.20001731,0.084158764,1,0,1,0,0,0
SMFDQTQIQEFK,Q96A32,29895,MYLPF,"myosin light chain, phosphorylatable, fast skeletal muscle",1.1555659,0.009881752,1,0,1,0,0,0
TVEGGSSSVFSMFDQTQIQEFK,Q96A32,29895,MYLPF,"myosin light chain, phosphorylatable, fast skeletal muscle",1.16952379,0.080056568,1,0,1,0,0,0
ADQVDTQQLM^R,Q9H223,30844,EHD4,EH-domain containing 4,-0.8109661,0.029446618,0,1,1,0,0,1
AVIM^GAPGSGK,Q9UIJ7,50808,AK3,adenylate kinase 3,-3.8499803,0.011479956,0,1,1,1,1,1
AYQIDTVINLNVPFEVIK,Q9UIJ7,50808,AK3,adenylate kinase 3,-1.12974669,0.015993009,0,1,1,1,1,1
GVLETFSGTETNK,Q9UIJ7,50808,AK3,adenylate kinase 3,-1.04369754,0.026861051,0,1,1,1,1,1
HLSSGDLLR,Q9UIJ7,50808,AK3,adenylate kinase 3,-2.42362106,0.006699189,0,1,1,1,1,1
VYNIEFNPPK,Q9UIJ7,50808,AK3,adenylate kinase 3,-0.93976639,0.045376462,0,1,1,1,1,1
AQYDPAKPNYISLDK,Q96E29,51001,MTERFD1,MTERF domain containing 1,-1.39797216,0.001156919,0,1,1,1,1,0
LYSTSASPLVLLR,Q9Y2Z9,51004,COQ6,"coenzyme Q6 homolog, monooxygenase (S. cerevisiae)",1.2384005,0.093483942,1,0,1,1,0,1
ENLEEEAIIMK,Q9P0J0,51079,NDUFA13,"NADH dehydrogenase (ubiquinone) 1 alpha subcomplex, 13",1.442088315,0.070227891,1,0,1,1,1,1
ALGSVGPVDLLVNNAAVALLQPFLEVTK,Q7Z4W1,51181,DCXR,dicarbonyl/L-xylulose reductase,-1.19610933,0.015552021,0,1,1,0,0,1
]ARRHRAEEPEEEEEVVEAEEETWARGR,Q9P2Y4,51222,ZNF219,zinc finger protein 219,1.35291668,0.018984432,1,0,1,0,0,1
FGLNTVLTTDNSDLFINSIGIVPSVR,Q9UHG3,51449,PCYOX1,prenylcysteine oxidase 1,-0.89069968,0.009319808,0,1,1,0,0,1
YLGYANEVGEAFR,Q9UDX5,51537,MTFP1,mitochondrial fission process 1,-1.776126265,0.087089339,0,1,1,1,1,0
DYLMSTHFWGPVANWGLPIAAINDMK,Q9Y5U8,51660,MPC1,mitochondrial pyruvate carrier 1,-1.35816816,0.012594943,0,1,1,1,1,0
VPEDPTQCFLLFANQTEKDIILR,Q9UHQ9,51706,CYB5R1,cytochrome b5 reductase 1,-0.956542215,0.023602389,0,1,1,1,1,1
YYQSPWEQAISNDPELLEALYPK,Q9NPC6,51778,MYOZ2,myozenin 2,1.74271755,0.062187999,1,0,1,0,0,0
GIIWGEDTLMEYLENPK,P99999,54205,CYCS,"cytochrome c, somatic",-0.83001167,0.019510644,0,1,1,1,1,1
]SEDAEVLDATPSGIMK,Q5JSH3,54521,WDR44,WD repeat domain 44,2.43702888,0.002385893,1,0,1,0,0,0
LYLSHNQLSEIPLNLPK,Q9BXN1,54829,ASPN,asporin,-0.95459347,0.077265467,0,1,1,0,0,1
VVHCSDLGLTSVPTNIPFDTR,Q9BXN1,54829,ASPN,asporin,-1.181520885,0.065300267,0,1,1,0,0,1
TLM^ECVSNTAK,Q7L0Y3,54931,TRMT10C,tRNA methyltransferase 10 homolog C (S. cerevisiae),1.791023545,0.000968197,1,0,1,1,1,0
VSNSPSQAIEVVELASAFSLPICEGLTQR,Q96EY7,55037,PTCD3,pentatricopeptide repeat domain 3,1.059638565,0.03255872,1,0,1,1,1,1
LQYRYLDLRSFQMQYNLRLR,Q6PI48,55157,DARS2,"aspartyl-tRNA synthetase 2, mitochondrial",-1.96413616,0.000254815,0,1,1,1,1,1
HETTWTVLR,Q8IXI2,55288,RHOT1,ras homolog family member T1,1.59626991,0.035439867,1,0,1,1,0,1
IDKQETEITYLIPWSK,Q9BS92,55335,NIPSNAP3B,nipsnap homolog 3B (C. elegans),-0.91912591,0.012439548,0,1,1,0,0,0
QQPDTELEIQQK,Q9NSE4,55699,IARS2,"isoleucyl-tRNA synthetase 2, mitochondrial",2.57913374,0.00068502,1,0,1,1,1,1
VASVASTLETTFETISTLSGVDLENGTCSHPLIPDK,Q9NSE4,55699,IARS2,"isoleucyl-tRNA synthetase 2, mitochondrial",1.485812075,0.004378711,1,0,1,1,1,1
APLYDLAAHEDK,Q9GZL7,55759,WDR12,WD repeat domain 12,-1.048123285,0.039915266,0,1,1,0,0,1
MWEEKIAQMRWELMM^KTKEHTRKLYQMNDLCIEKKK,Q96MT7,55779,WDR52,WD repeat domain 52,-1.05568039,0.082504575,0,1,1,0,0,0
VGTLVGEDKYGNK,Q9UI09,55967,NDUFA12,"NADH dehydrogenase (ubiquinone) 1 alpha subcomplex, 12",1.27902403,0.010226653,1,0,1,1,1,1
AVSLVTDSTSTFLSQTTYALIEAITEYTK,Q9NR28,56616,DIABLO,"diablo, IAP-binding mitochondrial protein",-1.27944935,0.06825214,0,1,1,1,1,1
DKLEYFEERPFAAASIGQVHLAR,Q8NI60,56997,ADCK3,aarF domain containing kinase 3,-1.16974631,0.014190457,0,1,1,1,1,0
FYVPEIVDELCSPHVLTTELVSGFPLDQAEGLSQEIR,Q8NI60,56997,ADCK3,aarF domain containing kinase 3,-0.96393175,0.015612224,0,1,1,1,1,0
VMEDAHLDAILILGEAFASDEPFDFGTQSTTEK,Q8NI60,56997,ADCK3,aarF domain containing kinase 3,-0.927446785,0.087936065,0,1,1,1,1,0
ILTAALEFVPAHGWTAEAIAEGAQSLGLSSAAASMFGK,O75208,57017,COQ9,coenzyme Q9 homolog (S. cerevisiae),-1.89907885,0.000961836,0,1,1,1,0,0
MADSGGQPQLTQPGK,Q9UN36,57447,NDRG2,NDRG family member 2,-1.03119134,0.081283467,0,1,1,0,0,1
]DRREWGRRSPDRDRHRDLEERNRRSSGHRDRERDSR,O95104,57466,SCAF4,SR-related CTD-associated factor 4,-0.94974828,0.035281885,0,1,1,0,0,0
ESVRPGWEYIGR,Q9HCP6,57467,HHATL,hedgehog acyltransferase-like,1.09869929,0.031661467,1,0,1,0,0,0
FHAQVSQVEPVR,Q9HCP6,57467,HHATL,hedgehog acyltransferase-like,1.28545405,0.006944942,1,0,1,0,0,0
FHAQVSQVEPVRR,Q9HCP6,57467,HHATL,hedgehog acyltransferase-like,1.343732615,0.038206292,1,0,1,0,0,0
LPDSALAGLAYSNLVYDWVK,Q9HCP6,57467,HHATL,hedgehog acyltransferase-like,0.71915188,0.09304776,1,0,1,0,0,0
VAELYLPLLSIAR,Q96HP0,57572,DOCK6,dedicator of cytokinesis 6,2.340178875,0.01435078,1,0,1,0,0,0
TLFEVMATKPETDDK,Q9HCC9,57732,ZFYVE28,"zinc finger, FYVE domain containing 28",1.676644405,0.01939034,1,0,1,0,0,1
DRDRDRERDRDRDRERSSDRNKDRSRSREKSRDRERER,P49756,58517,RBM25,RNA binding motif protein 25,-1.532738955,0.091703685,0,1,1,0,0,1
ILTTSSAHPGLEFSK,Q7L8L6,60493,FASTKD5,FAST kinase domains 5,1.23619073,0.018545645,1,0,1,1,0,1
VDEM^RGYAEK,Q9NRX2,63875,MRPL17,mitochondrial ribosomal protein L17,1.32847597,0.062089543,1,0,1,1,0,0
EFFSGISHSIM^FEELPNVDRILKLCTDIFLVR,Q9H5I5,63895,PIEZO2,piezo-type mechanosensitive ion channel component 2,-1.05913611,0.083526479,0,1,1,0,0,0
KLFGQESGPSAEK,Q9BWH2,65991,FUNDC2,FUN14 domain containing 2,2.69503621,0.001861387,1,0,1,1,0,1
VRPDYTAQNLDHGK,P82930,65993,MRPS34,mitochondrial ribosomal protein S34,1.54020535,0.044168632,1,0,1,1,1,0
MQSLVQWGLDSYDYLQNAPPGFFPR,Q9BUR5,79135,APOO,apolipoprotein O,-0.89108094,0.090470728,0,1,1,1,1,1
ASPEYLK,Q8NBP0,79573,TTC13,tetratricopeptide repeat domain 13,3.45259934,0.002194705,1,0,1,0,0,0
VTENIPQIISFIEGIIAR,Q9HA77,79587,CARS2,"cysteinyl-tRNA synthetase 2, mitochondrial (putative)",-1.52216232,0.006892426,0,1,1,1,1,1
QSGAFLSTSEGLILQLVGDAVHPQFK,Q96AB3,79763,ISOC2,isochorismatase domain containing 2,-1.69847919,0.001345313,0,1,1,1,1,1
SVLLCGIEAQACILNTTLDLLDR,Q96AB3,79763,ISOC2,isochorismatase domain containing 2,-0.64865827,0.099530504,0,1,1,1,1,1
LLDGEAALPAVVFLHGLFGSK,Q8NFV4,83451,ABHD11,abhydrolase domain containing 11,-1.26035787,0.007961693,0,1,1,1,1,1
LPLQQGM^TQSLSVPGPTGLHYKPTR,Q8NF64,83637,ZMIZ2,"zinc finger, MIZ-type containing 2",-1.39237813,0.057065178,0,1,1,1,0,0
]EKKNQAHR,Q96JM4,84125,LRRIQ1,leucine-rich repeats and IQ motif containing 1,2.41322816,0.003075669,1,0,1,0,0,0
EEGIENFDVYAIKPGHPLQPDFFLDEYPEAVSK,Q6YN16,84263,HSDL2,hydroxysteroid dehydrogenase like 2,-1.11568657,0.03585879,0,1,1,1,1,1
SPATVEVR,Q8N8C4,84269,CHCHD5,coiled-coil-helix-coiled-coil-helix domain containing 5,-1.09563595,0.040555083,0,1,1,1,1,0
LYDLYSFQVIPVLGEVIAGDWK,Q5HYK3,84274,COQ5,"coenzyme Q5 homolog, methyltransferase (S. cerevisiae)",-1.00848243,0.098076807,0,1,1,1,1,0
RQLQDDFAQLLQEREQLERRCATLEREQR,Q9BRK4,84445,LZTS2,"leucine zipper, putative tumor suppressor 2",1.18571791,0.095818915,1,0,1,0,0,0
IGLVPPPEEFANGVLLATPLAGPGPSPTTVPSPASGK,Q9BYB0,85358,SHANK3,SH3 and multiple ankyrin repeat domains 3,1.81732385,0.034339172,1,0,1,0,0,1
EALGGGK,Q9H1R3,85366,MYLK2,myosin light chain kinase 2,-1.06618399,0.054310398,0,1,1,0,0,0
DKNFM^LHYEFPPYATNEIGK,Q8TCS8,87178,PNPT1,polyribonucleotide nucleotidyltransferase 1,1.83192528,0.03070529,1,0,1,1,1,1
ILMAAPGMAIPPFIMNTLEK,Q9H9B4,94081,SFXN1,sideroflexin 1,0.83529822,0.09515005,1,0,1,1,1,1
]SYLLPDKSR,Q8TDW5,94122,SYTL5,synaptotagmin-like 5,-0.99819472,0.055608773,0,1,1,0,0,0
IPYFPANQEMLQK,Q8N142,122622,ADSSL1,adenylosuccinate synthase like 1,-1.20544987,0.055650652,0,1,1,0,0,0
GVNVVPFLELIGLPDSVVSILK,Q96ND0,125228,FAM210A,"family with sequence similarity 210, member A",-1.51941945,0.002887628,0,1,1,1,1,0
FGEGLLEAELAALCPTTLAPYYLR,O14558,126393,HSPB6,"heat shock protein, alpha-crystallin-related, B6",-1.319636835,0.008654577,0,1,1,0,0,0
GEHVEVHAR,O14558,126393,HSPB6,"heat shock protein, alpha-crystallin-related, B6",-1.982675205,0.000701957,0,1,1,0,0,0
LPPGVDPAAVTSALSPEGVLSIQAAPASAQAPPPAAAK,O14558,126393,HSPB6,"heat shock protein, alpha-crystallin-related, B6",-2.041406765,0.001879146,0,1,1,0,0,0
AANLYASSPHSDFLDYVSAPIGK,Q8IWW8,137872,ADHFE1,"alcohol dehydrogenase, iron containing, 1",-1.40416779,0.014672047,0,1,1,1,0,0
VVANSGFDVLCHALESYTTLPYHLR,Q8IWW8,137872,ADHFE1,"alcohol dehydrogenase, iron containing, 1",-1.14588515,0.051804225,0,1,1,1,0,0
HVLTTLGEK,P14649,140465,MYL6B,"myosin, light chain 6B, alkali, smooth muscle and non-muscle",-1.35960556,0.033118941,0,1,1,0,0,0
LEAPPPTPGQLR,Q6PI78,157378,TMEM65,transmembrane protein 65,-2.04678061,0.06317651,0,1,1,1,0,1
GLPDSFHK,Q8N159,162417,NAGS,N-acetylglutamate synthase,1.04036781,0.030345077,1,0,1,1,1,0
ENPVVPIGCLATAAALTYGLYSFHR,Q9BW72,192286,HIGD2A,"HIG1 hypoxia inducible domain family, member 2A",1.19208209,0.017209744,1,0,1,1,1,0
]GSNHRGGGGGGAGGGGSAPQGCK,Q9H4S2,219409,GSX1,GS homeobox 1,1.69292064,0.001449871,1,0,1,0,0,0
EDSVKPGAHLTVK,P51991,220988,HNRNPA3,heterogeneous nuclear ribonucleoprotein A3,1.1819396,0.042500233,1,0,1,0,0,1
]CDSHGTHLAGVVSGR,Q8NBP7,255738,PCSK9,proprotein convertase subtilisin/kexin type 9,-0.941763155,0.027681146,0,1,1,0,0,0
]RETKGQFLIDHICNYYSLLEKDYFGIRYVDPEK,A2A2Y4,257019,FRMD3,FERM domain containing 3,-2.74997934,0.003003044,0,1,1,0,0,0
]YGYHISKTSYFLCYEPPTIKSIFERLRNFDSPKEYPK,Q6PCE3,283209,PGM2L1,phosphoglucomutase 2-like 1,-1.44803775,0.005933004,0,1,1,0,1,0
GPVVPAFALWDGELLTHSGLEVPEGL,Q8WW59,283377,SPRYD4,SPRY domain containing 4,-0.903707345,0.07033528,0,1,1,1,0,1
]TWARFIPGR,Q70JA7,337876,CHSY3,chondroitin sulfate synthase 3,1.47475522,0.039538846,1,0,1,0,0,1
]ESAKRSKELEKKLQEDAERDAR,A8MTJ3,346562,GNAT3,"guanine nucleotide binding protein, alpha transducing 3",1.53112874,0.069674528,1,0,1,0,0,0
LDDLVNWAR,O75251,374291,NDUFS7,"NADH dehydrogenase (ubiquinone) Fe-S protein 7, 20kDa (NADH-coenzyme Q reductase)",-1.27242293,0.011760258,0,1,1,1,0,1
YLSQM^RNLRKLFISDGCRYLLSSDSQEQLVAEFSSVLLR,A3QJZ6,653606,PRAMEF22,PRAME family member 22,1.161193075,0.078356509,1,0,1,0,0,0
IVPGGVVTDPEALQAPNVDWLR,Q8N465,728294,D2HGDH,D-2-hydroxyglutarate dehydrogenase,1.64520834,0.023849467,1,0,1,1,1,0
ATLVCLISDFYPGAVTVAWK,B9A064,100423062,IGLL5,immunoglobulin lambda-like polypeptide 5,-2.14614863,0.006589955,0,1,1,0,0,0
SCQVTHEGSTVEK,B9A064,100423062,IGLL5,immunoglobulin lambda-like polypeptide 5,-0.95241766,0.084313472,0,1,1,0,0,0
YAASSYLSLTPEQWK,B9A064,100423062,IGLL5,immunoglobulin lambda-like polypeptide 5,-0.92163395,0.075015093,0,1,1,0,0,0